seq,sigma-p,beta-p,epsilon-p,eta-p,gamma-p,tau-p,zeta-p
APP,1817.899469,1041.56442,2452.426152,1349.33101,2704.431723,2463.44401,12966.81111
APR,1487.796682,1131.304561,2466.53166,1562.170149,2534.292416,3082.748457,13439.69231
AGP,1481.592393,966.6120796,2008.861229,1267.926035,2168.077446,2468.926551,11723.56078
APL,1464.781154,1109.607508,2487.004763,1385.616212,2701.894779,3205.707237,14152.87103
APF,1428.04783,1207.758408,2563.915348,1422.340259,2567.614577,3265.690077,14315.59342
VPP,1370.405092,834.6157657,2096.853038,1141.15431,2235.104682,2357.489454,9879.400282
LPP,1365.250176,754.7565425,1932.302687,1056.771716,2179.650576,2436.297443,11276.63907
FPP,1301.712234,833.849095,2091.506306,1142.703518,1908.926943,2695.160558,12105.43853
VPL,1270.425029,844.4550486,2091.175818,1103.808807,2392.57747,2724.088018,11922.86359
FPL,1267.539373,827.1527735,2142.378731,1021.177409,2102.614205,2698.386259,12164.99624
LPL,1238.300633,789.2649944,2134.888717,988.9803833,2353.843579,2771.461386,11494.62964
VPF,1232.789513,805.2353609,2292.484586,1128.296791,2360.588377,2754.31913,11238.2306
FPF,1165.090492,861.5265979,2016.408579,1056.440507,2076.201649,2858.932522,10884.74113
LPF,1152.325803,847.611207,2252.834296,1070.896435,2298.219276,2880.72232,11313.8758
AGF,1085.243764,964.7903865,2107.444074,1205.558898,2302.085724,2723.215222,11567.37899
AGL,1059.678593,915.5019366,1568.593203,1103.816083,2189.563766,2361.257373,11688.93959
APE,1033.154791,898.3095315,1653.219506,1149.433328,1840.579354,2349.287312,10252.67488
LPR,1029.653492,692.8843196,1777.273362,997.320913,1949.201125,2091.752525,10410.396
FGL,1027.398119,655.0951685,1671.025406,761.4469539,1828.532309,2547.813905,10356.17975
FPR,1019.080116,685.9032913,1651.280322,1078.359131,1780.448929,2104.008625,10446.43637
FGP,1006.475938,430.2686579,1335.648448,754.6598864,1344.780293,1765.984583,8986.792083
VPR,983.9929529,675.444322,1661.709637,1019.301924,1818.004947,2025.45898,9047.905339
KPP,955.8403743,557.1374475,1361.259826,990.3555007,1253.782561,1263.091363,5770.5648
AAP,950.3580907,651.5530936,1254.396081,987.6872034,2103.073457,1920.951876,9835.65728
EPP,892.2989905,752.1878738,1333.193763,980.3923993,1619.485285,1655.929417,9559.138605
ALP,887.1498837,583.8910215,1013.080347,838.6966286,1818.571966,1526.105017,8557.744566
ARF,873.7130989,743.7470078,1270.293663,961.7810482,1694.695184,1864.533903,10078.79427
AAF,868.523037,586.5775111,1423.515606,863.4156901,1595.595222,2023.8488,8411.333354
FAL,865.9192559,463.1172316,1321.661684,648.7743837,1406.480176,2176.750167,9121.669322
AFP,844.9555536,670.6525096,1042.128642,943.5122237,1801.57736,1645.832178,8506.247647
LAL,837.0827946,372.7375385,1272.69806,546.7444134,1676.298552,1897.501624,8197.57371
VGP,827.9118722,451.8517403,1066.813388,660.1470613,1503.087636,1304.703265,8205.881838
AQF,824.0559178,637.7499494,1290.175245,892.2063435,1796.789883,1891.12376,10111.80633
AVP,816.2423019,577.8526603,904.0414492,847.050903,1748.516764,1515.430366,8935.696531
AAL,812.721852,489.2539507,1196.914017,805.6104135,1701.909775,1799.65236,8561.614063
AFL,808.4062443,508.9411906,1126.268069,787.4068962,1543.154028,1648.060862,9425.742051
QPP,806.5917598,588.6653802,1230.779999,848.8537123,1207.118782,1454.127548,7587.928517
AFF,805.5412796,637.21053,1415.208918,878.8304652,1576.529317,1988.335006,9957.620289
VGL,799.7249626,522.3924544,1303.848179,638.7309934,1804.22442,2050.525809,8378.914846
EPL,793.9173829,751.2033558,1391.510388,806.632556,1485.377967,1587.672105,8933.662161
FGF,793.9081367,495.6739744,1650.763408,692.5771133,1425.948965,2182.077019,8201.35949
LGL,789.2948559,404.9023431,1296.284143,526.2478866,1863.121716,1931.851268,8995.549463
ALF,778.3462881,526.0643088,1327.366415,763.4344502,1480.139648,1689.642332,9236.156961
VGF,777.0112651,533.8667841,1394.467182,691.6810815,1553.951741,1706.722622,7493.020229
ARL,772.9951968,561.3123422,984.3447378,872.6088791,1791.023829,1507.769955,9300.271563
EPF,772.9205745,880.9824743,1494.994449,945.2373004,1533.083836,1741.778091,8798.449223
AKF,772.6684224,515.0694542,1061.706237,881.063959,1641.827025,1347.748365,7721.538125
RPP,772.2747137,487.3277307,1098.603866,791.0138424,834.397352,1191.191283,4708.554562
VAL,767.8025132,415.272787,1205.40843,604.454924,1603.282764,1790.731227,7752.328361
AQL,763.5071385,525.5874097,946.1338927,820.9252861,1640.665188,1546.209142,8978.285797
LAF,758.0083911,444.6829155,1390.879042,588.1660094,1482.324532,1968.89505,7044.531958
FPE,756.181614,705.2113411,1357.032225,875.9493641,1519.562401,1839.658714,9055.572454
LGP,751.9579812,218.8081309,923.2947146,485.4434287,1285.008818,1155.338665,8135.724284
AKP,750.3984775,513.5618756,631.1214771,939.9221576,1874.767327,1100.22787,7378.598801
LRF,743.3418896,570.9173922,1398.044105,737.8406753,1543.790014,1893.503163,8637.942623
AQP,740.4698062,581.7411257,721.2561424,889.6653543,1848.280696,1312.231257,8178.221593
QPL,738.6548042,613.6404589,1279.128093,785.3942947,1393.542808,1434.311503,6896.706053
QPF,736.3001357,704.5954895,1414.417786,934.7245106,1382.35111,1695.298616,7296.425444
ALL,733.8227392,472.4753528,1019.767257,716.7943441,1579.002731,1582.466197,8868.844072
AFR,731.7771472,489.0494576,1092.942335,785.6767554,1289.50381,1525.294319,7801.3545
AKL,720.3432227,364.3018218,703.8496801,820.2697784,1623.608286,950.1291863,7340.587801
FRF,713.4480112,457.8864573,1046.651619,711.3608177,1321.466523,1660.184114,7836.561455
FAF,712.7434182,411.2024027,1162.885479,669.792591,1160.822306,1884.369168,6823.106942
FRL,712.7273238,373.5391789,1009.737929,623.6359432,1224.692457,1420.340974,7121.894917
VAP,711.0171622,409.9969913,977.3894386,704.5416968,1631.997232,1444.61612,7439.267616
AVF,710.615182,532.8063277,1269.547838,825.3446051,1504.522049,1646.768716,9569.130435
LGF,708.8159545,414.3901692,1430.471157,538.7336484,1622.678763,1782.26347,8681.987872
FQL,707.7903794,438.2437745,1113.572992,608.0441614,1446.462289,1692.695427,8296.605095
FGR,706.8305596,268.2172691,799.68192,628.8507745,1264.295487,1125.396431,7993.794802
LLF,704.1640996,448.1454534,1363.513996,578.1561873,1368.891881,1788.032852,7941.082245
LFF,703.4335281,461.519897,1297.808213,568.9576625,1382.543156,1686.944518,8193.044762
LLL,702.550905,401.5062158,1203.777137,502.3535358,1453.575357,1697.919345,7412.18098
EPR,701.9185312,693.1744317,1208.99699,987.8506191,1367.820065,1541.065287,7999.824803
VRF,696.1734574,579.3374687,1243.780602,769.0276188,1548.941423,1807.89631,7954.036451
KPF,691.9016757,660.5365442,1511.2419,950.8396276,1269.92015,1599.310924,5278.238583
FLL,686.9742854,444.9252854,1140.774735,540.5310175,1166.706255,1708.049617,7806.970255
FAP,679.0949195,349.5594671,870.5457813,584.8638917,1304.111046,1410.846057,7385.567807
LKF,677.9819355,424.2966451,1166.425649,732.9697957,1559.224369,1405.562932,6312.511267
VAF,677.785095,465.512664,1305.093059,668.655932,1433.730483,1921.416253,7025.729355
QPR,677.1824702,555.1791571,1244.816405,810.2855324,1458.403586,1363.805197,6959.368018
AVL,677.1711566,421.075531,953.9854501,699.1158485,1643.51058,1486.706986,8348.45885
LRL,667.1087238,442.6662937,1107.294654,620.0751436,1552.066672,1433.841319,7654.743552
ARP,664.5453057,630.3884833,776.8154639,948.1840312,1748.963948,1337.713652,8777.488245
VKF,662.9618249,445.4447556,1032.13388,785.5354599,1567.899535,1304.06015,6151.394022
LQF,660.0982925,463.2783106,1227.280518,618.3935297,1684.616246,1731.335116,8731.428217
LKL,659.9118205,345.9793281,922.4293297,665.8093265,1587.983136,1129.73301,5748.120967
FVL,653.5965156,376.79194,1068.286647,494.9302714,1271.498549,1590.807587,7488.969017
FKF,645.8857585,384.5112521,869.7985852,744.2305932,1282.224693,1269.420397,5816.30116
FKL,640.2061602,412.0683076,938.9676258,768.6178774,1287.76503,1315.185817,6408.252415
KPR,636.0683673,476.3676207,1265.315125,1041.126145,1160.79016,1274.688392,5010.628216
VFL,634.5765961,378.9053839,1087.962183,552.3776742,1283.444937,1421.116998,7310.36055
KPL,633.5990168,557.9149673,1270.197267,827.1711828,1215.656672,1301.040831,4927.952339
AGR,633.5469393,417.8639769,989.5922578,807.2612652,1441.894035,1091.599104,7557.887496
VKL,630.4069997,352.6129057,851.8023841,701.2379025,1467.937843,991.1449355,5463.131287
RPL,624.4858168,565.5199466,1127.201997,735.8236466,1049.826748,1313.647327,5114.054607
EPE,620.6670173,685.0149594,1171.264088,687.1454797,1257.518607,1479.120501,7661.280884
VLF,614.7985636,441.8315624,1206.426576,577.9020443,1212.168345,1567.494022,7229.458712
LFL,613.8633118,357.0734527,1113.693699,491.33214,1275.086257,1400.936982,6731.936201
VQF,613.6828134,466.367257,1133.374598,654.954727,1515.705048,1652.251213,8149.288321
VLL,613.6595429,379.435818,1079.245281,530.6249571,1296.804897,1492.644904,6957.489979
LAP,611.9402069,239.7076466,816.1314267,495.6734409,1426.20632,1175.993011,7098.059998
LQL,611.9339621,383.2767707,1009.917348,540.6727623,1572.140577,1497.435667,8050.800111
VFF,610.6768225,481.5635116,1223.26572,660.8909581,1391.901466,1607.936172,7387.527268
ALR,604.9839084,382.9803625,836.6722359,707.1229351,1209.881605,1083.736815,6772.245169
RPR,604.2414954,463.0957195,1052.190634,877.209105,966.8719608,1050.058424,4781.954418
FQF,602.2970461,423.8758439,960.919067,574.449665,1323.466449,1481.061189,7897.684135
FKP,599.6542589,336.5450338,615.6371658,741.1366191,1204.178815,741.7606068,4818.262352
VPE,599.4723672,559.0186026,1153.840295,691.3775093,1335.247604,1407.274523,7373.569351
LVL,593.9971765,301.5296602,1040.47365,436.875591,1518.787419,1437.182645,7619.457218
VRL,591.5781238,486.4973685,940.6261726,715.8979771,1497.101687,1372.955486,7266.054859
VQL,589.5311551,384.5045962,946.3146562,575.8883586,1447.984694,1325.370437,7053.638614
LRR,589.4228518,331.8269204,956.0096566,647.9612534,1176.195813,1170.017046,5990.683534
RPF,586.6265592,605.5260176,1144.75766,842.7240528,1008.440861,1293.030209,5533.931911
VLP,583.6860441,382.3653001,814.0643996,561.2408591,1292.454544,1115.18504,5765.585918
LVF,576.0492172,379.103095,1131.073776,498.7697283,1448.863229,1477.674128,7059.608932
FLF,575.3884722,388.3987748,1060.031223,557.481646,979.1245513,1496.513643,7220.117834
GPF,565.9696419,438.738572,1147.70247,616.8768748,1052.315512,1035.015868,5287.062801
EGP,562.684561,528.5262749,739.4022331,634.8572525,1065.902826,828.1153844,6644.332493
FLP,561.615153,364.0218837,810.391695,535.1054059,1033.542152,1104.504371,5739.431834
VRP,555.1975756,401.9197321,571.3766413,690.2421231,1466.261403,804.974536,6032.541953
AAR,550.9612388,264.1530951,714.454191,641.3502822,1185.582855,953.7773474,5453.264628
FQP,545.853783,240.3375011,517.9055969,452.1188763,1104.478085,718.3348581,5531.962078
VVL,543.3429553,332.072532,916.9302966,494.5086747,1327.314044,1312.860557,6855.110684
VFR,541.3297688,429.397634,936.6587143,628.8390949,1157.199687,1244.297219,6533.913837
FVF,527.5508426,342.6490367,890.0154299,532.7850015,1147.738177,1396.75488,6705.616747
VVF,525.7809161,383.2129969,1145.732035,549.2330789,1290.109236,1412.718029,6934.004133
AGE,523.2315651,381.0372287,851.3415948,620.5582357,1204.257449,1175.113908,7411.613528
LLP,521.8717604,301.1340407,676.9112542,438.3727946,1157.61962,940.4410743,5216.15581
VFP,519.4932651,366.0139115,731.716795,565.7687682,1235.347223,956.835451,4966.959593
FRP,514.2496409,169.1740417,571.3009207,515.0588668,915.9357586,528.6302108,5190.654665
LFR,512.928501,373.1482004,938.1542769,564.4990165,1117.27352,1212.227353,6687.488429
VKP,511.5173867,339.3935833,533.7603443,706.3736615,1454.291442,661.6308009,4512.28179
LRP,508.8134805,234.4961333,486.5249307,534.6902749,1232.864525,538.1739861,5149.02058
AVR,506.3059468,265.5263073,576.7011639,628.3222716,981.1546795,773.9104299,6632.568162
AEF,505.6047663,575.0925849,852.8119089,657.667442,1267.51233,1410.675399,7962.315448
LQR,503.0156884,169.3339281,682.1993597,466.3177038,1122.470805,748.3835703,4948.166127
ARR,502.3906565,430.6437977,687.1842146,828.5572648,1302.840242,991.9304044,6598.280421
FFL,502.1501819,270.0602466,849.5940651,456.0941166,912.6052793,1118.147749,5764.004001
LPE,500.6874884,470.8573136,930.6550177,606.2945126,1287.06324,1128.134684,6846.33168
FFF,490.9961563,294.101926,869.5976469,479.5444453,1079.489553,1170.285197,5764.631765
QPE,488.691111,440.8140318,861.0366161,508.7095934,733.9840119,1096.415708,5941.167162
FGE,486.3454973,331.2733811,673.189882,455.8174215,941.7199437,1108.968378,7706.392103
FKR,485.2243081,248.5173623,575.9029055,754.0971487,1096.362153,765.3404133,4697.98414
FQR,480.0279273,139.7978917,560.1831847,480.2129053,982.0212835,801.6121156,5081.931725
AQR,476.2405657,251.8772066,454.0316629,582.2092475,1041.163241,676.8983788,5721.161311
VRR,475.6451276,377.7435949,803.78135,658.0414263,970.6761215,943.3500204,4436.887651
FAR,475.1146556,186.3657,443.8934561,513.2933972,808.7360182,919.7603555,5607.491589
FVP,474.9934672,301.3578868,635.0927623,500.2721669,860.8005583,860.3664127,5994.074628
LGR,470.4969076,111.5363741,663.7035594,426.9664108,1210.839519,633.9682403,6321.816385
FRR,465.7268159,248.0062958,593.9830478,666.4805973,848.0347696,789.1274184,4947.083527
VVP,464.6536763,300.2066309,646.4485849,492.3488793,1178.488692,946.2435703,6073.812121
LKR,462.6050883,232.743178,785.5585732,642.9415553,1159.785277,757.1880043,4443.926899
FEL,457.4781087,274.3527388,853.8030851,333.6933936,865.4348491,1280.712784,6395.999941
VQP,456.6708067,305.8579936,550.03798,547.3316009,1413.168543,744.9507608,5452.464312
LKP,450.6015068,223.4062646,404.454192,563.916723,1325.065299,477.9985906,3711.302726
LLR,448.4212131,298.4554233,758.5222425,504.1092418,1050.870869,940.3225739,5959.910496
KGP,448.0645451,240.8248665,229.4617764,634.3464864,421.232501,191.4985852,1881.399642
KPE,437.9212471,382.4477065,817.4769087,615.4440241,766.0483803,1101.093824,4413.313881
FLR,434.7432174,272.395599,607.9187939,494.9154316,777.1583983,912.1779542,5853.576519
PAL,430.1406485,332.448769,685.1947776,377.4066306,610.037855,670.8053963,2614.339831
AAE,429.361492,275.223072,519.9382058,442.4171396,890.6868647,991.9164169,5666.866799
VAR,427.3813847,153.6857981,575.2412898,481.0521439,1086.923646,738.9250058,4327.933478
VLR,425.6195363,294.0810083,706.471751,537.4071578,1073.251734,886.0267287,5152.018003
GFF,417.5659903,319.5175381,808.3790994,456.0429946,588.4363918,922.0769484,4248.395383
VGR,417.0936581,164.9898149,576.1975415,501.469606,1097.954106,585.621652,5096.29672
LFP,415.1256641,232.6324511,559.5350609,390.0103469,980.8467024,652.7707259,4327.15344
LQP,411.2006255,172.0156042,371.0749782,399.8933778,1290.642959,556.1559973,4909.411078
GPL,403.2920255,368.080201,629.9844754,531.7994745,824.0352972,830.8607046,4167.972976
ERF,402.8958864,334.487589,621.766289,513.839066,805.6812861,664.4211009,4566.605744
QGP,400.736934,272.4375902,491.459026,491.5098627,707.8381229,550.2572776,4815.826606
PAF,399.3984117,397.3373707,819.3566666,455.5218556,478.3460034,801.4866509,2490.521736
RFR,396.5293643,231.6005692,572.3196219,568.3521837,683.0844498,753.3609147,1963.920535
VQR,394.6687824,192.8130496,629.8239577,455.9270922,1031.952857,666.7727568,3996.523031
RGP,393.1277224,215.7361451,382.290744,495.817628,314.4363252,349.8327561,2740.128048
LAR,392.9325729,109.8850823,597.3538983,451.0949641,1177.536919,774.0702795,4877.008185
FFR,392.5556813,290.2220649,674.2761144,511.0160432,983.2964377,860.5616316,5990.721108
LVP,391.792219,193.1886288,442.0532629,366.3188041,1044.830983,672.9119212,5784.923666
AEL,391.2261995,432.4562733,473.5167759,612.7106878,1039.81906,1059.931189,6677.343756
AKR,385.1260673,247.6538856,425.7605997,770.8385649,1223.70291,479.8228922,4354.481613
ERP,384.0023244,281.8948813,424.2383784,569.4980948,881.9831872,580.1801617,4643.783014
VKR,381.2639414,233.4591742,639.3548999,668.6160834,1175.791535,637.5215842,4111.137412
KRF,376.0375805,326.8558065,753.8911963,632.0497588,810.5571485,844.2347302,3286.970135
QRR,370.650144,173.7731402,404.3402034,457.7022674,465.5631707,330.2120164,1957.180837
EFR,367.4982505,344.7303802,710.861178,528.883573,1229.789856,828.0296182,4945.365261
GPP,366.351458,304.8852539,621.2340447,504.5504116,822.7126832,784.3342599,3832.69129
AEP,363.2549993,506.1033369,212.2532949,665.6859792,1270.204516,775.0140948,5961.53711
AFE,362.1351557,324.9157603,462.599477,422.5140157,799.481926,986.0017571,6078.904209
GAL,357.273847,261.7126357,459.7040527,445.0545025,730.9929881,711.5579148,3581.077236
FEF,352.8137751,296.2819279,802.5508026,371.1641772,934.6629604,1404.129535,6525.973383
FAE,351.9685135,200.4905207,304.6164393,307.1792394,695.7693235,864.59794,5291.630218
LEF,345.7419628,361.8634523,914.0092683,387.4445365,1143.105499,1382.827729,6663.581671
FFP,343.4540126,242.984823,505.5945269,375.1692904,810.9154,563.3415628,4145.052114
QRF,333.3044052,288.5719959,566.3072061,473.3447655,674.7214499,682.6285231,3589.276211
EGR,330.812331,431.4003281,526.4546513,712.0477566,976.972656,651.9187997,4648.947156
GAF,330.4712638,454.115893,890.5869736,569.7012116,686.1363093,793.6246232,3709.349584
VEF,330.1067988,337.8350054,844.4128132,400.5673314,991.5929449,1155.368747,5746.085167
RPE,328.7009114,320.578147,540.9066634,456.1113389,628.7369308,784.0275477,3548.806372
ERR,327.3566112,227.2169542,409.5597927,500.1518238,582.7882368,331.8110101,2922.703156
LEL,327.1096625,230.999181,642.4442093,300.8757342,1010.577497,988.9102818,5705.820858
VVR,325.7428946,177.2263218,483.5559046,447.4132886,856.7239887,555.0473505,5087.333382
EKR,320.3996626,237.7708227,378.2536656,575.4649881,696.1837275,244.5808671,3242.789106
LVR,320.1553692,149.381141,482.0226253,428.1826468,906.2114842,508.2614092,5618.28115
ALE,317.5016696,263.1779398,359.78671,399.6462047,723.4285979,727.6996913,5339.770099
QKR,312.6295225,236.3585035,398.0437234,537.8073598,646.449091,313.3827456,2110.414733
KAR,312.1943225,179.9790975,458.65637,644.8280193,575.6438066,409.9799875,1565.964907
QAR,310.7482853,251.5820761,394.0886891,463.7956779,610.098656,541.1566651,2650.722099
KKF,310.133217,165.111243,418.7851519,587.2483605,591.9961561,256.0049484,721.8819681
PPL,308.80856,307.245293,458.3327725,409.0996653,632.3775018,829.3713234,2328.029723
VEL,307.0925415,262.6945697,579.2800308,365.6543983,900.5797477,876.1378319,5016.898049
EKF,305.4392466,195.0328648,194.6779862,499.8161023,515.1549066,157.1830604,3054.645114
FVR,300.1274682,128.893639,298.3876646,426.219424,636.9709543,537.7183692,5418.50029
KRR,298.1824897,205.4359954,375.664241,665.6578804,315.498407,391.764326,1388.628199
AQE,296.7520324,297.7715836,297.2624667,443.5527291,841.0113505,712.3372779,4693.111017
EKP,296.3656546,328.2612525,212.4130499,638.5851809,800.7315234,166.257809,3784.317477
PKF,295.8665472,218.2462176,294.1825687,476.6603401,365.1074663,267.5154356,698.1774591
RRR,292.4994759,114.3614428,362.1608988,442.7684673,294.9959906,312.8392221,831.2732836
KRP,292.3777519,282.9493692,423.8267103,652.0908881,733.068411,447.6916331,1832.418006
GKF,290.1121835,204.4217635,393.1925251,570.5976135,628.721957,420.5619733,2361.054421
ERL,289.7082238,248.7517148,338.4605006,422.2447036,744.180663,357.5081238,4448.739254
QRP,289.395848,253.9969189,355.3369195,599.7140775,890.8291891,329.6243022,3841.792327
FER,288.6804696,39.70354987,380.2007404,206.9250745,457.0051977,455.7123825,3304.356905
QFR,288.3137804,233.345595,426.2189892,397.6044765,732.0366781,469.8183513,2787.201967
RKR,288.155332,221.736361,359.0134246,624.3307506,470.8986135,340.0889963,786.7162768
RLR,286.8855982,246.2239626,417.3672571,525.5944903,530.2950788,475.7226382,2264.279927
FQE,284.3438196,111.6889538,383.1603822,224.0018387,573.7269531,534.029778,3761.573648
PFF,283.3906517,177.034388,418.2065792,248.4797255,156.1840551,446.7820119,1448.375631
KFR,281.0120442,222.4502918,445.2583266,578.8555798,598.8687883,509.3352846,1501.6215
GKR,279.3806198,127.2547521,342.0606643,555.8515066,517.3882371,155.5286755,486.4898
FEP,273.0423446,60.13323227,245.0504517,216.9265667,518.1238612,221.7163287,4012.595773
RKL,271.357731,117.6907882,167.0039072,466.3341816,391.2650502,45.22324985,789.8231734
QKF,270.9260937,197.4510635,315.5354683,487.6517423,548.3005819,328.8038267,2601.98544
EFP,269.5858142,283.7311908,405.4680957,448.356467,811.3588663,361.0453874,4176.412433
GFL,264.9308403,119.0461864,288.9331909,327.0781716,458.1715042,319.7893675,2824.372752
GFR,262.5811013,198.2697168,663.9666647,421.6131934,681.4565155,605.2102673,3056.090873
ELR,261.8802061,281.1452818,532.4028787,414.5816941,751.685324,494.5131116,4245.532985
QLR,260.4442197,229.7838717,371.5275358,406.0178757,671.1615652,398.7343601,2667.608796
VAE,259.846952,104.679623,368.504998,246.8744402,733.3641018,526.7655861,3263.778728
EGL,259.6885257,531.3752319,334.3821019,399.8606662,1045.162945,362.9514893,6525.364699
RGR,257.4604546,310.1568863,304.5593936,672.3764945,629.9566183,549.6383108,2196.570297
PPF,255.9449386,316.8395214,612.7168195,398.5242161,512.036107,651.5042325,2036.018931
QGR,255.8314264,230.1285529,393.0237389,506.4325136,791.7502904,382.7585232,3637.502958
KRL,250.3860798,227.10544,438.7583297,591.5584772,648.6454144,376.3820893,2129.332678
RAL,248.8835015,114.5363658,141.9226788,285.6417134,532.9403489,373.3701976,2740.074743
QGL,248.8070435,329.60277,303.3526619,346.9442828,770.8552767,854.9634444,4739.722852
RKF,246.9984038,109.666422,212.81679,510.8165186,278.8818425,103.0946248,832.6070922
QQR,245.3566081,154.2599438,282.9571871,290.4417333,389.2596401,279.0697882,2032.520973
KKL,245.2091072,79.01818975,180.1531205,533.5923592,340.3228577,-20.01412422,-51.36541364
RGL,244.4283354,219.6429179,360.7586264,348.8892856,719.3371174,521.4248143,2689.590373
GPR,244.1392907,218.7284524,428.9624477,436.0494556,776.820676,314.2652317,2781.146426
GAP,242.96154,237.7808651,509.263095,505.5969102,683.9898715,659.1166723,3045.565531
EQP,242.3776107,234.658291,181.9582908,375.6388956,499.7689025,205.4941414,3388.531358
QKP,241.4656179,192.4506537,138.6717427,513.4399921,857.1365524,169.0878703,2428.260351
KKR,239.2849749,140.5427823,379.3652093,664.7576574,432.0886899,205.9291784,356.0888746
ARE,237.582476,373.2999364,242.2619189,514.8965906,691.428343,755.1946424,5071.417841
FRE,237.1709263,178.5160008,233.6931997,349.9236677,538.9174866,411.7718802,3540.684499
GRR,234.8462243,232.783247,412.3936435,554.7682965,378.5613763,490.8983303,1536.431292
RAR,234.5807963,240.6194404,304.5828052,586.0706793,397.418129,307.7966305,1589.085495
QKL,234.5667296,133.6274002,138.7346937,414.6088532,462.8564936,98.73808483,1711.718802
AVE,232.1345512,192.8048358,181.1731396,360.992989,583.364482,404.842139,4789.454414
QRL,230.3500984,170.7834246,282.2546084,390.1957687,614.1198089,308.3165679,3040.675644
QVR,228.3083447,200.4758594,289.2883098,405.97491,568.4680807,262.1147894,2243.124645
EGE,226.9159101,371.4697741,479.0152111,427.4615447,731.8698807,506.9185893,4257.631333
GFP,225.7693712,204.8316601,612.5917711,372.4513152,515.5917441,537.1519534,3079.370532
KKP,222.3972802,168.4956995,152.8991499,668.5590411,580.2359694,118.8967208,-130.212049
GVF,221.8479507,228.5143327,559.2703948,374.9508826,469.3051214,471.9385567,3013.574257
PKR,217.6568644,124.367906,188.5914091,511.3243765,244.7267436,29.04531018,-241.9340339
RRF,217.0540542,124.3150911,486.342039,394.957605,369.9350022,470.2215938,2599.349414
PAP,213.3125526,183.7845183,415.3105403,346.9261782,226.157643,504.5641003,1036.791437
EKL,211.324018,160.7112456,37.40842392,455.5729119,511.3068939,33.55208211,3043.553142
PPP,210.300535,143.4472421,282.9555316,443.3835453,458.0384234,318.0446322,1861.080035
PRF,209.8279906,244.6992865,319.1450642,384.654834,416.3692562,428.9494079,2135.377706
QFF,206.8941268,231.6716362,330.8481493,331.7907101,477.0158471,490.9905859,3594.164739
RVR,206.2935051,208.9323414,278.5667366,522.2760692,362.9337744,198.6463975,1432.383274
KLR,204.4516761,194.7583766,463.0685284,592.8983982,518.9231067,307.3558533,1416.53025
PKL,202.1324252,134.1173181,29.75732454,381.5411777,267.1201985,-41.97970937,-75.45486315
GRF,198.3081573,316.9639296,420.8526179,562.4555773,754.1190639,608.3219844,3961.46682
KGR,197.4830407,166.3635695,381.0828759,622.3164045,467.7562902,200.6586048,1144.050232
LRE,195.1364301,187.6548285,300.2697117,311.8658295,694.1256906,381.7901371,3821.913354
RLP,194.3119077,151.785045,205.9312336,365.0445102,399.5062613,205.3798987,1605.805952
KFF,192.2700803,202.9045625,474.2680277,499.5687211,325.9937313,335.5193825,1439.943002
GKL,192.2402416,66.42981042,-100.8252757,412.2546666,572.0932838,-28.97674717,800.6863636
FKE,191.3539587,217.551114,295.3465619,384.8382863,796.5836033,524.1956086,3517.555457
RFE,191.0386728,139.5384192,97.7109571,198.8989127,98.61735728,189.4259353,446.7865575
RKP,190.6673748,128.8241976,125.8852172,504.9260574,437.3325108,91.16953129,126.492054
LAE,189.1877144,69.69770721,215.8680094,210.6882551,748.1387941,434.2710417,4101.139961
GLR,187.618961,142.637216,415.0561473,349.7783479,583.7165535,392.2957966,2158.809048
LER,185.2502174,125.2177207,449.263296,219.3282878,731.4548114,541.8822839,3663.213249
QAL,184.0431069,117.4484283,249.6115533,339.3208681,619.9287463,492.483838,3498.322398
PRR,183.8885904,151.5902135,225.3503071,413.1354514,65.79517897,241.1182267,143.0591838
RRL,182.7049112,100.0869501,370.6588518,318.9885708,229.5289918,215.2551684,2028.191434
RFP,182.2094461,125.7700991,140.5974515,343.6369033,426.6132605,69.98323458,1359.839194
RLL,182.1441532,162.5723329,265.4140277,307.5217103,336.4134913,272.7839455,2265.927722
PFL,181.2411026,56.19391876,173.2007163,203.9819791,107.1540759,115.5653854,868.9301451
VQE,179.3469126,151.3795309,269.6366933,194.4422607,736.635941,420.6098755,2760.816353
RFF,178.6839149,106.5436017,162.6394084,372.2907495,74.69414264,165.5439913,1433.518168
EFF,176.132462,282.8667557,412.45222,370.2494879,562.5828643,404.5302671,4587.439991
PVF,175.8661084,112.9015709,212.0587155,197.5358013,163.754638,290.6472172,1188.821436
GLF,173.3895642,202.9355545,506.1902535,318.4227035,501.2610503,513.4147497,3002.666014
RVL,172.4327694,158.625213,220.692798,312.3944862,300.9783861,271.7895878,2162.174635
KGL,169.7592037,97.59699522,366.726106,381.8087363,739.6680183,322.4022229,807.9015869
GGP,169.0028638,155.824169,356.7362871,372.5755071,736.1588703,261.704555,2512.776198
RQR,168.3266184,107.8767444,256.4852737,316.229434,124.9876222,199.7593294,529.6497319
PVL,165.4108286,50.04892235,45.67721445,168.2222337,200.0315172,180.8880146,1206.293614
GGF,164.7493736,206.9481573,209.8638172,251.8602422,315.6972174,-249.0568056,2246.551286
RLF,164.5666401,161.1857024,278.3697116,364.3124383,187.9044114,230.3316244,2091.700698
EVR,163.6292799,215.4549144,262.4430894,346.6414722,617.8482605,227.8210061,3180.571882
KQR,163.4782053,115.4690043,221.5768569,413.2816722,100.161812,155.3651663,301.0186008
ELP,157.576231,241.9096862,264.4540206,358.4744067,700.6001627,246.5469649,3674.817007
KVR,154.3870522,171.5300895,355.655117,576.6005193,363.9428203,135.1265563,1129.841252
GAR,153.8347693,131.7239168,288.9316547,392.0646185,316.5130364,98.59476323,658.8151198
GVL,152.3658641,52.08923113,83.64250519,241.6763124,477.511063,381.9621282,2660.404289
GKP,151.4182988,218.6828153,37.39755083,441.3736112,694.9642805,115.4495982,1441.506963
VER,151.3255154,167.6901835,373.9818397,296.6193852,699.193737,457.2955282,2904.739237
VRE,150.1811057,235.3701197,306.5880297,358.1321167,696.9650619,487.4612141,3450.414728
GVR,149.3958167,127.8599098,195.0800036,341.0812685,383.7278286,110.5015923,1298.076303
GVP,148.8932965,145.8229592,185.0512766,300.6448997,543.8573742,259.8410835,2605.770079
RLE,146.8714477,123.3733866,146.9186601,186.2875073,115.3153483,158.4121943,728.5815769
EQR,145.7443885,180.6693326,234.8783302,308.368931,328.4240491,211.4561274,2151.049233
PAR,144.4385067,105.7484833,72.6242344,279.1404927,117.7518733,42.66821565,-387.6718926
VEP,143.0622793,199.6355572,121.449065,328.4069468,824.8933918,219.4525301,3513.947678
PFR,141.9683192,136.8131495,206.7028129,309.8407737,175.4821109,248.9346033,792.9834831
VGE,140.6940721,98.13234994,121.1857921,231.1810331,577.1225611,148.8964924,4555.482115
PLF,140.1575939,122.5894472,283.0614947,220.2059043,107.873598,312.1471807,984.1894089
GGL,139.4789479,74.4912931,-125.7161813,136.232658,414.878447,-197.5176871,2057.345599
AKE,139.4165544,266.221398,209.2475473,534.9459952,854.7161245,518.732959,4837.834976
KAL,139.2098737,47.73527636,200.5118292,342.2464847,528.4548061,220.6115989,1443.380539
QQF,137.0391107,178.482584,293.9154676,243.1387093,322.6512145,310.1282162,2401.182086
KLF,136.5172616,173.8884365,475.4871613,445.3116451,512.0379489,299.0181027,1745.513017
EGF,136.2595744,485.579593,387.6019688,550.1234828,531.8969273,559.1867179,5332.906453
LQE,135.5853321,33.76021877,112.663094,109.5979031,593.9416438,227.7535433,2276.67658
GLP,134.2380192,120.1594019,286.3282925,247.7636384,498.3832773,185.3462947,2536.17167
RVP,134.1259184,140.8303564,110.8552157,325.6317215,341.3938782,72.69704475,1224.95894
FLE,133.9863442,197.9456041,170.6409786,282.2773812,398.3299405,424.9131417,4026.276876
KQF,133.5723752,144.0521939,274.6480032,434.7941726,340.478963,236.7446786,1370.261629
QAF,130.9487293,148.606614,274.1148672,316.3969196,534.775121,438.2263024,3165.877556
GRL,130.8846458,152.2401471,-51.9920708,393.2489128,654.0248481,56.19216976,2620.543541
PKP,129.3657403,151.7054347,79.07802868,385.6233065,165.3087976,-2.798583257,-541.2700625
RFL,125.9405079,73.40686259,130.8351963,274.6212947,76.97567219,-20.44400578,930.2455184
KER,125.6729903,113.0428673,163.8683919,413.843703,204.1963068,82.83513694,38.33504466
EAR,125.256507,197.9003993,63.74402385,405.4333419,471.8106954,60.67581722,2311.379475
QLF,122.5894402,221.3353206,311.6823589,322.4464126,498.276639,436.5515758,3524.215764
RGF,121.5796004,162.9053607,191.2375444,315.7540974,484.8601055,143.0979257,1617.21871
QVF,121.2713273,216.861628,343.2345758,342.0779549,485.5345666,405.2113188,3431.138894
QER,120.9774471,152.8498576,179.79525,236.3586253,292.1413669,211.2834072,1608.440284
QQL,119.8734544,89.04970586,159.0466155,181.8285469,359.5247783,150.3450545,1963.010994
EQF,118.8232355,194.6471686,307.4914354,289.8762995,336.2687584,234.5320278,3315.704876
QGF,118.163953,313.5026953,387.6121723,408.3960928,540.8574959,521.9347049,2497.51401
QVL,117.6938016,163.9797583,264.8749873,259.661821,504.2357687,341.8373351,3196.210893
RVF,112.8225072,142.2788887,200.6134881,360.0600919,123.1831363,170.041466,1853.315751
VLE,112.0815328,155.0044827,190.0383498,236.7474957,551.5978117,290.1344027,3228.208306
EQL,111.8740994,144.898111,86.05591741,214.2803372,378.7149941,106.1841359,2935.349699
KVL,111.360774,114.0496991,295.9669407,345.1155394,511.0083703,172.9309342,1516.909494
RRE,111.2884574,68.5038978,93.1829541,214.3458099,-6.590864473,26.88016812,-113.6459433
RER,111.2553951,87.8245579,148.4226311,255.2000727,154.9696974,86.37560763,11.36583032
RRP,110.0058692,107.2677263,158.6187539,449.3905104,176.4889473,12.91455666,734.866276
RAF,107.9799653,99.52775237,69.45028315,326.479846,247.360613,185.9873774,1604.200825
EVP,106.8368708,204.1553318,-42.55908864,322.0444798,437.8320275,56.32268791,2754.279441
GPE,106.7334321,180.4225886,161.3000859,275.4388078,361.5914238,263.1621913,2865.957932
PRL,104.9457401,121.2862382,-41.19638188,265.2941218,239.2257257,-63.13265027,1258.027527
GRP,103.6549978,317.1979794,121.309092,450.3723187,603.5622971,360.8981691,3025.635299
VKE,102.4691944,198.3500787,221.5155934,356.6177944,851.919329,342.5286674,2882.938572
VFE,102.0237407,214.1299371,270.2911703,272.950496,586.5192314,440.2128734,4141.530559
LEP,101.255176,24.79474078,-5.452003888,161.4224344,734.6969308,26.16475462,3033.620444
EFE,100.5495422,224.8619373,281.1774117,253.2391374,410.9440002,489.5328075,2417.46675
RKE,100.0980513,129.7234442,84.51282451,312.8685686,197.9199159,108.2582196,-154.3671011
REL,100.0216847,-18.90921455,11.00080541,68.81575784,-44.05883016,-5.322761237,13.71231172
PLL,99.42077263,55.62306483,86.72867065,160.6741282,120.6479023,139.0182779,856.0517017
QQP,99.21876992,153.6588682,129.9682796,260.5010178,459.9404462,212.979019,2332.911101
QFL,99.09702492,136.7295323,231.1063667,232.8194442,404.5936449,26.47514944,2516.558168
KFP,98.91573243,103.1308826,149.0294184,446.1235319,377.1599799,-59.53120169,-197.1094754
QVP,98.8706207,95.06535397,58.79463356,278.6172218,308.1752295,-10.19976718,1624.645284
RQL,96.63411126,11.31954382,106.9273414,205.2690027,53.56385622,-57.86106686,490.745823
GQR,94.37825273,123.0653328,118.2196553,294.2619952,172.684712,142.2062406,854.1839844
KLL,94.36417959,135.1070941,321.7426533,372.4851505,505.0213465,186.8107426,1417.547031
KLP,93.49396036,99.37976071,205.4392152,407.0734052,386.9127438,-8.660788756,221.5448266
GQF,93.49050132,218.6775803,316.904534,356.8216036,443.9190526,450.259057,3113.887966
QLP,91.05518268,91.02640538,31.12432093,265.6563622,374.5881957,71.59993167,1922.960031
KQL,90.05181541,66.84758104,83.70510607,301.0517512,319.3942769,14.02274326,767.3921549
KGF,88.68020121,149.4353996,446.1518573,402.1299573,654.9336044,307.9854069,1321.387504
KAF,86.20667414,55.88753968,256.2003837,392.4096312,464.2517716,305.5185244,871.2317116
LKE,85.35873023,101.9353154,173.692953,261.4289499,763.9155404,269.4994474,2590.373797
LLE,84.2201103,125.0405172,99.87618897,214.915059,535.4294155,169.8377978,3368.812246
GFE,83.4439442,94.93213585,233.2447258,150.2057344,118.8086817,349.0119504,1445.10625
PGL,80.44439716,125.0499136,-124.2322973,106.6281344,161.0902346,42.00743621,-226.1760457
KFL,79.70362473,118.8921247,259.8299099,363.9441414,276.7166271,39.93730327,868.1877732
GQL,79.30784429,100.8451568,-93.88177849,227.0562589,435.7104514,65.03665183,2178.222901
QFP,79.23718546,106.318198,87.92789189,290.7111658,370.2046482,38.86615843,1309.660029
GLL,78.63407877,30.04113902,94.24260974,190.9019891,463.5096964,288.4422762,2072.088225
QLL,78.4349122,180.1846588,172.9728312,269.970885,492.338225,323.6772154,3227.579548
KVF,77.6487467,151.5325725,394.9721095,409.7361368,331.1643503,219.8052377,1510.863985
RQF,77.14729545,26.63744226,13.85587325,270.5320779,48.81902065,-6.037363361,670.7207907
AER,75.82456124,304.7908111,188.7178478,468.5180658,596.4826719,526.5657218,2859.377678
PPR,75.62190154,73.50624803,204.9679925,343.1407417,296.6655743,-2.106497858,1126.304209
PLR,73.13553771,97.91867952,41.4194662,252.0615309,49.07802548,-36.00912939,42.74977998
ELE,70.12188624,171.2536813,179.51038,124.8833307,330.0780315,353.7610922,1692.835583
GEL,67.90110215,134.5043072,-250.4451889,176.0423037,206.7843915,-70.36029149,233.2921402
FEE,66.14360524,26.69371399,232.6820319,16.08181094,-20.17657362,187.6105552,2088.786973
VVE,64.66206942,68.97869645,-5.357019134,170.9440349,419.3885073,48.4330147,3495.833073
EER,64.60083747,110.904272,78.12279067,258.5319567,176.7602779,143.5291849,1387.202604
FVE,62.97614941,87.74712521,-32.5000518,216.7376369,344.9564362,136.5382105,3817.335464
EFL,58.64756039,152.4509826,172.8693202,269.2034196,397.613218,150.5613988,3233.106428
KEF,58.27954988,99.23847137,172.8289643,251.8858526,206.2348675,134.6586566,433.8697863
EEP,53.66546549,116.3634539,-91.85196855,192.0428685,272.2984832,-13.73772813,1876.222557
QAE,52.00209566,51.58988276,-5.882066715,99.2391097,61.61513565,45.39250191,303.8309504
KRE,51.93494214,102.6696581,118.8871174,375.9311337,-6.923688728,93.5853592,127.6055466
KVP,51.3435525,73.66845274,-39.91452063,386.5016037,299.9333413,-85.34987424,27.56955617
PQR,50.77554839,104.6221252,2.883073573,193.8376463,-60.41160612,-48.30046049,-757.818826
LFE,49.99780323,159.495416,128.1794723,225.229375,511.8335993,332.5019357,3982.397271
PFP,47.70592952,63.28712459,89.63101216,159.7414955,-106.6319529,-31.80629937,-230.606806
KQP,47.25219452,108.7100141,-10.94222481,354.2890016,247.9945785,53.55705147,167.4966638
QGE,47.22613315,105.9111032,59.31401031,244.8242963,159.0728617,191.6372152,2627.301509
KEL,45.57626925,25.79296179,-44.20882181,172.4443908,134.0482532,-90.12330636,-185.5902957
PVR,44.77038469,38.99967594,-134.2785588,226.8512149,-98.08669897,-191.4793695,-490.311606
REF,44.63223178,31.33629463,7.033718793,145.9978015,-10.55604932,33.60347838,149.3167107
QEF,44.52588733,150.3609785,175.0559697,163.1769119,163.8136304,279.5321256,1638.603496
QRE,42.77614746,107.8627025,84.77491219,202.7216895,273.515095,117.1202306,1007.543958
PKE,41.69269881,117.6372094,-93.96388152,223.5535573,146.1251351,-75.35827797,-532.6976642
QEL,40.72437578,88.78557347,56.07566173,145.4311306,151.6680489,87.12116083,1217.204341
ERE,39.76715966,114.3699106,100.4491073,204.5762791,101.8113126,19.59685848,1448.498801
RAE,38.42056299,64.65993818,15.88300958,127.4630497,-21.34964307,-47.92621407,-120.4108075
GER,37.88266528,152.5221956,65.67292005,283.86676,251.4138661,169.4337968,901.7754021
PQF,37.11757132,137.7347735,99.58480666,224.4539386,84.29081199,123.4793516,807.2974157
PEL,36.96814918,145.0191075,-106.6668981,165.8477899,20.69357692,-13.43540369,129.1546095
GAE,35.84624302,105.5214686,15.15216643,195.5169753,222.5249318,71.77118787,620.4749624
LGE,35.8416908,-56.61960131,47.65286234,57.69933202,491.1639044,-70.90821327,4083.625984
GQP,35.7535209,204.7912007,-47.34741821,288.0075599,460.7629506,164.3835167,2260.224074
PQL,29.80517155,57.11776728,-131.6903585,94.89405886,102.5707657,-102.6960991,496.4043683
RQP,29.1412611,87.31826536,32.30507434,236.357434,134.8238891,71.36596381,527.0418353
EAP,26.69160177,147.5101865,-135.9943777,330.5794582,262.2256935,-260.5664466,2038.975187
GGR,26.11846338,-32.91625991,-117.0432297,111.4795714,214.9698666,-413.861569,-151.4016779
QAP,25.85928183,-14.01420446,-84.21042276,198.7671209,131.4170459,-207.3305737,1284.477353
EVF,25.20008428,271.9658525,161.6348612,372.5230974,520.4362358,69.50012087,4366.470881
PAE,23.76616676,45.68125561,-158.5956064,75.8941281,-140.8996705,-156.8560196,-535.1500223
QLE,17.83930703,69.60841999,4.850919772,58.07077655,9.00605866,46.90613666,531.7418131
ELF,16.61890228,244.1106646,257.4463117,344.2168613,517.208364,287.0118505,4121.544339
KKE,16.40858986,79.9966704,113.0765542,399.694648,173.687915,6.560674255,-549.6892586
KGE,16.34611892,14.12826005,-67.22542499,198.5352834,20.9228926,-65.93572046,136.2708163
RVE,15.50937344,75.81477935,-31.15344281,107.1471058,-79.96629553,-80.44187876,-148.3858872
EEL,15.40469576,99.70759123,-129.684991,123.3535557,165.1518285,10.04115426,1583.309942
KFE,14.29621624,79.37347932,133.1518557,309.4111953,-17.44365974,118.9987666,-476.7395617
EAL,13.90342204,202.1437276,175.0096015,320.0287498,574.025795,643.2332189,3672.749362
PER,11.52499492,83.71666242,-46.11395008,158.573804,-55.46142296,5.583310117,-424.2814297
FFE,11.50034985,146.9503569,51.94368831,224.7996682,369.1449988,236.1521777,4130.302656
ELL,11.19550515,212.2929723,22.02575593,252.995068,486.4669066,107.9537524,4009.44701
PRE,10.95505787,128.117075,-113.2995554,166.716683,-71.56152415,-7.765250682,-303.7437386
QQE,8.728669142,52.97789776,21.96343241,49.50994191,61.86689677,70.42841558,589.5614443
QFE,7.572064477,80.43186818,86.3501435,97.51397288,61.1358152,95.42681596,62.71887706
EVL,-1.926668035,225.706625,-78.74278085,290.92969,470.998343,-18.83646025,3862.539593
KLE,-4.083661326,93.46849675,139.3939563,255.8863639,36.03205645,143.7847885,-193.3936619
EKE,-5.840996376,111.3441716,31.26277901,265.1167416,96.72037405,-32.65122249,506.9012298
EVE,-6.293125968,111.7862585,-134.1806151,55.95706318,110.8175326,37.85001107,992.9019898
GLE,-8.929904981,78.0038864,68.83226541,110.7219101,112.6646766,126.7025201,731.2640147
EQE,-9.306617441,46.73330006,-30.20281894,126.9889182,-47.5747423,-51.42823477,389.9254027
PEF,-9.360009088,235.6149394,59.49822796,218.570391,-51.36757294,196.0042583,603.3193276
QKE,-11.30632001,115.3514255,14.5017593,253.0639217,300.7777387,45.94628412,101.9397008
LVE,-16.99835542,10.24137565,-128.2483746,136.6008222,423.3435178,-116.7255414,3705.318451
GVE,-19.23252605,52.84906596,-5.305220718,90.64227867,58.21548484,-14.27710471,328.2785655
EEF,-22.7330661,138.5180841,-26.66724188,215.8539813,80.89844766,78.58851376,1815.127225
PVP,-22.99218306,60.14345052,-146.6763031,159.0954617,-45.39966311,-4.40741713,-79.33799497
RQE,-25.29557586,54.66418025,-25.61433534,89.41073762,-98.69866068,-69.07342048,-335.3645572
PLP,-26.85560806,59.38679769,-51.13327426,105.8128052,-59.0210645,5.751019078,17.81441622
RGE,-29.27304508,115.8233028,165.6308555,308.1584882,161.2483864,-117.5368355,898.1651011
EEE,-30.19237224,-41.27063293,-124.3982664,-6.869528077,-223.0599047,-123.2694366,-1030.754965
REP,-30.91081063,1.193968449,-105.0657737,172.7227361,-255.8275123,-87.25524238,-902.5904658
QEP,-31.72322449,21.42144198,-57.42813454,169.5655009,177.2710571,-25.41600335,770.3007718
QEE,-34.12060209,14.54227309,-60.60392033,-8.578585411,-48.07335749,-23.19596909,-410.5196163
GRE,-35.83328289,211.9074052,70.86141328,273.3809598,96.95083185,228.9511317,1102.314383
QVE,-37.0721012,22.51434587,24.03321729,48.33544409,-44.91307571,-107.7652034,-51.90125673
PGP,-39.10620081,-9.681774884,13.8033803,177.0501151,140.1249252,-18.222902,146.1207294
RAP,-40.50093301,5.629621254,-111.919798,199.9201483,37.38783673,-250.1622211,60.33425685
KAE,-40.89713428,37.1234597,36.22475023,268.5109137,12.06418625,21.82423373,-614.399002
KEE,-40.99448809,-2.967308767,-104.37697,183.9571711,-65.06559933,-62.1617929,-972.5331055
PQP,-41.69138919,63.30523548,-43.16172734,115.0015821,-63.87813081,31.17377222,60.89386828
GKE,-42.0494309,154.886675,-1.743763489,298.343242,148.4980384,83.48234727,215.5703189
REE,-42.40150645,-4.727816925,-64.54194142,61.33206195,-127.969803,-63.12829594,-579.3692608
EAF,-49.32323445,207.9522715,256.9489273,349.3263404,455.0337342,576.1207459,3231.792221
PRP,-54.81285321,142.6384793,-28.95290811,267.2776344,-34.04156458,-11.9652106,-65.04343262
PEE,-55.14833305,6.042273694,-138.2462788,-78.42894232,-226.40874,-98.01725254,-1382.675976
KQE,-56.53648849,20.02012151,-38.64920846,222.0838884,-136.6565321,-74.69931606,-923.4934713
EAE,-61.97184154,16.71280333,-141.2681561,34.35592377,-64.67058674,-160.5437753,261.2416334
KAP,-65.40188907,-41.91352231,-172.2725127,263.3801631,247.9124761,-416.1049058,-986.0044808
KVE,-69.78912635,45.7265605,5.540245673,246.5202403,-49.58554767,-54.24091267,-680.6809899
PEP,-70.07104176,50.02171663,-13.7081925,89.79588341,-428.7503071,21.12183872,-1089.500434
PGF,-74.90194984,81.28963943,-58.17923917,73.70476735,-62.34483134,-163.7491603,-768.5150695
AEE,-80.13610054,321.9748869,-158.7970364,271.7786347,272.664543,338.638334,3185.115007
VEE,-81.97523859,125.8863232,18.03151197,36.94593226,141.8830908,128.5830422,1695.461263
GEF,-82.81077453,276.2330783,51.51141994,276.8085598,326.1744395,284.732563,2020.50063
PLE,-87.84907267,-28.25582648,-247.5138738,-19.47528771,-335.7889178,-334.7164623,-1098.165799
KEP,-96.98597446,37.30669695,-271.503115,257.5764642,-140.3891392,-389.9788887,-1121.716047
GEP,-97.23049786,164.8005922,-92.15851004,202.3974481,9.271791376,118.5656514,887.9533307
PVE,-98.74311668,-31.24125227,-298.2101912,-40.55111486,-355.8975156,-428.6760122,-1444.164744
PFE,-102.944404,-40.47870238,-203.3146185,-71.27451429,-384.0523927,-315.0486299,-1076.080876
GQE,-105.1979082,64.21753592,-58.73454237,56.26319622,-147.2700208,7.307100826,-698.8307434
GGE,-106.8759017,-39.86185845,-232.1293565,-4.359091387,-141.6141635,-245.8031469,-560.2734446
LEE,-110.4148403,-1.678732637,-57.07263631,-82.33256679,85.35981025,-5.325802775,1605.157965
PGR,-118.6417227,-77.12692606,-242.7648746,139.6475044,-125.8087311,-452.1747934,-1004.437667
GEE,-121.3023984,71.14690929,31.72940751,-14.49106905,-279.1347073,95.50109359,-1014.047598
PQE,-124.1358665,40.19718429,-239.9777739,-10.48615951,-267.9620634,-198.3959341,-1253.963511
PPE,-195.5162066,-1.425338389,-263.858672,11.46060768,-173.9350162,-255.1660962,-154.5719643
PGE,-339.9142438,-5.443374856,-579.5651982,-104.9865219,-374.0461009,-368.0500633,-1122.821076
