seq,sigma-t,beta-t,epsilon-t,eta-t,gamma-t,tau-t,zeta-t
RAK,2917.91,1686.44,4595.44,2234.17,3949.43,6175.01,15236.3
RAA,2382.66,1989.67,4395.29,2260.75,3755.2,5581.72,16992.9
RAV,2317.37,944.715,5017.17,1464.08,3498.08,5008.23,15559.9
RFK,2023.16,860.33,3700.88,1367.94,3106.03,2656.68,12926.2
RPK,2022.22,1189.3,3017.28,1864.9,3188.06,3642.82,16174
RRA,1989.21,1227.39,3774.38,2190.06,3413.79,4376.3,16553.6
RAQ,1975.7,1970.32,3859.92,1824.16,3826.73,4856.67,15924.6
FAK,1974.29,662.12,1542.52,1338.26,2914.29,2195.12,9070.54
RPA,1927.68,1140.97,3995.38,1627.92,3159.78,4700.5,16780
RAR,1900.55,2240.08,3777.68,1511.45,3723.8,5958.16,16291.3
FKF,1838.78,48.91,395.54,233.11,393.02,147.855,2869.77
RAF,1831.09,1453.27,3343.93,1626.08,3234.72,5435.7,17486.2
RPR,1796.53,1403.61,3371.3,1651.25,3431.95,3349.26,15485.9
RAL,1745.36,1540.77,3562.93,1431.29,3321.41,4160.81,14586.8
RPF,1659.37,1676.71,3544.91,1735.7,3086.94,5046.04,14269.8
RFA,1628.78,602.34,3552.58,1354.54,2768.17,2806.19,14224.9
RPV,1625.23,568.46,3431.94,1154.75,3162.95,3483.16,17579.8
RRK,1571.27,1353.91,3692.36,1427.5,2917.45,3228.49,14486.6
RGK,1549.02,319.005,2329.64,1101.89,2617.24,1574.4,12555.3
PAK,1541.3,1284.9,1899.17,1495.16,3254.36,2082.1,12953.5
RVR,1496.75,1751.7,3218.51,1326.89,3189.2,3187.5,16042.5
RFF,1490.13,719.105,3465.14,1051.57,2611.97,3066.25,11983.2
RPQ,1468.87,1234.6,2682.16,1633.51,2703.97,3118.56,12909.8
RRF,1369.2,1023.29,3481.3,1450.26,2647.21,3534.75,13073.8
PPF,1362.96,314.325,2306.93,712.585,2165.96,1861.87,7058.1
LAA,1349.4,146.38,1695.26,528.1,2190.34,1504.43,11236.9
LAK,1333.69,585.635,1904.59,1503.41,2755.28,2066.46,11153.1
RVK,1331.13,915.095,2870.51,1121.82,2189.81,1942.15,11626.4
RRQ,1326.42,1296,2533.37,1148.16,2560.59,2806.94,13486.5
RFR,1325.51,832.11,3388.44,1191.36,2581.7,3023.07,11477.5
RGA,1238.28,209.475,2055.5,503.145,1831.26,1194.9,8700.11
RRR,1235.85,1434.13,1475.53,1291.67,2922.93,3636.39,10929.6
RPL,1217.64,1080.22,2652.74,1194.29,3259.51,3014.69,13668.7
LAR,1216.47,456.965,2728.77,994.065,2394.61,1690.27,10220.6
RGV,1215.42,127.63,1831.86,337.99,1925.45,1276.04,9179.03
RFL,1212.02,1073.54,3065.1,1369.97,2565.73,2892.94,13866.4
FPK,1168.95,635.575,1674.63,1366.31,2003.66,2275.35,11890
PFK,1150.96,808.17,1966.43,1381.74,2543.09,1327.73,10459.8
RRV,1130.01,1308.39,3450.92,1461.39,2824.03,3627.51,14458.2
RFV,1121.85,205.51,2792.13,654.565,1884.03,979.61,7642.41
RVV,1091.52,657.425,1734.4,1023.91,1894.26,2162.73,11545.5
LLR,1073,576.815,2269.86,1117.96,2672.35,1789.51,7370.75
FAA,1065.76,180.045,1414.32,596.145,1602.63,1478.39,11721.4
FRK,1065.75,480.505,2583.95,934.385,2081.47,1987.8,10484.6
RFQ,1063.68,609.085,2243.89,1019,2252.81,2678.85,11920.2
FRR,1052.78,1026.18,2869.19,1073.27,2397.37,2975.18,9358.07
PFA,1036.83,569.62,2315.3,993.485,2590.45,1884.6,12378.4
RLK,1036.24,772.54,2030.84,1099.72,1814.62,2317.32,10032.2
PAL,1024.97,186.545,703.9,633.905,2139.35,1008.45,7799.86
RVA,1019.92,817.44,2077.3,1273.35,2740.72,3022.3,14781.6
LGK,1019.61,479.92,897.15,1124.21,2949.3,507.435,7529.28
FAR,1018.99,1040.7,1708.49,976.53,2343.95,2677.91,10491.2
LPK,1004.73,1084.73,1416.69,1354.45,2493.57,809.57,10172.8
PAF,1000.6,66.6,738.805,320.74,1166.37,590.57,7754.89
RLR,998.39,331.485,2738.06,793.38,2217.78,1811.17,9026.91
RGF,996.085,263.915,1901.75,639.05,1888.99,1996.26,11326.4
RAG,968.105,621.64,1046.57,859.19,1893.19,1464.85,8917.45
LRR,966.075,835.725,2778.92,1323.1,2838.56,3118.64,11370.1
RGG,957.51,275,998.845,434.685,2078.72,653.58,5397.32
FRA,953.17,214.82,2480.75,612.77,1825.76,1292.52,11740.3
LPA,948.615,258.665,1269.74,692.965,1724.1,1240.97,11938.5
LVK,944.675,266.35,1464.89,709.86,2182.88,734.43,10696.7
PLK,943.285,222.005,1163.17,686.575,2319.99,847.295,7118.58
LRK,935.91,340.78,2278.53,1105.2,2467.45,1695.35,13879.2
FAQ,927.145,495,1117.79,536.13,1625.77,1103.67,5964.9
RVF,919.92,715.105,1927.56,1108.09,2537.41,2552.65,12818.8
PAA,909.335,107.31,789.305,487.99,1342.89,667.2,9155.03
PPK,901.745,999.6,1329.55,1373.18,2677.09,1709.73,9983.09
RVQ,900.335,1465.83,1577.3,1131.9,2538.31,1730.61,11558.4
LFK,899.13,537.17,1717.43,1046.18,2068.65,770.755,8361.92
RGQ,885.625,425.55,1334.85,1118.61,1511.82,1453.8,11861.2
FPR,884.265,717.445,1676.88,695.045,1968.3,2864.42,8433.37
PPR,876.83,356.175,1999.25,901.97,1952.01,1777.57,9165.48
PPA,870.99,950.16,1542.15,1181.73,2275.62,2470.69,16464.4
RGL,856.085,448.57,1466.81,908.995,2568.58,1829.53,11763.3
PFR,851.485,1007.4,2363.62,1401.52,2507.77,3353.6,11111.1
LPR,842.815,326.46,1878.36,889.74,1686.67,1531.52,7198.1
LAL,825.78,130.435,875.68,471.07,1724.53,43.92,6420.52
LAF,825.425,46.91,938.935,232.885,1295.15,585.705,7419.61
RGR,824.41,500.29,2600.31,1186.18,1343.89,2374.76,12080.7
PFL,809.25,345.82,738.715,944.62,2812.35,1512.28,12093.4
RPG,803.935,398.225,1080.09,610.86,1884.21,1266.64,9846.16
LFR,803.82,379.63,1780.21,1020.42,1703.05,2022,9600.19
RRL,803.51,872.355,2220.52,1143.88,2836.56,3155.2,14186.4
EPR,803.375,392.8,587.82,561.855,730.425,822.97,6769.92
PAR,798.045,392.85,2055.98,914.385,2147.45,2090.15,8179.41
LVR,796.45,743.585,2433.42,1150.38,2629.19,2096.36,10746.4
PVR,796.245,388.94,1419.63,1078.56,2124.82,1477.84,10257.1
LLK,789.36,183.41,1268.24,502.3,776.225,942.91,7286.34
PVK,782.56,215.48,1310.08,692.045,2199.49,1216.12,7623.41
RQF,781.38,74.345,861.655,279.86,1292.89,774.265,4494.16
RLA,753.345,521.61,1598.48,1019.43,2140.4,2780.32,10177.3
FFK,752.96,550.21,1446.47,961.195,2308.75,1429.74,8490.86
RVL,746.125,643.91,1825.53,956.675,2392.26,2164.3,11165.7
PRR,744.86,455.115,2396.61,1041.75,2374.54,2125.67,15074.4
PFF,744.23,606.93,1480.97,862.56,2037.04,1641.36,10967.1
LRA,743.77,160.335,1489.78,449.93,1865.72,750.69,10304.5
EAR,743.505,681.915,759.385,734.885,1537.2,1174.95,8933.42
LGR,735.025,233.74,987.88,869.48,2246.06,1311.96,9608.21
RQR,734.82,341.7,1264.62,1035.15,1813.72,1347.15,8481.79
RFG,730.315,451.65,1329,939.315,2163.7,1626.85,10697.1
PRK,719.64,250.085,1431.09,960.24,2091.44,585.82,9871.42
RFP,715.965,140.2,1206.79,532.625,1076.03,657.005,7124.55
RQK,714.1,517.025,1027.65,896.785,1696.27,699.47,6779.18
PVA,697.585,102.23,765.115,414.82,1008.28,755.645,7742.22
RLQ,694.605,716.795,1463.54,858.015,1062.41,1871.37,6250.34
FRQ,694.455,644.61,1039.1,937.545,1770.1,1835.68,8493.14
LRQ,692.88,198.36,1556.84,694.925,1868.09,1447.07,7837.88
RVG,689.685,449.39,937.25,863.11,1671.2,891.345,5543.1
PGR,684.53,484.275,1109.34,1194.96,2470.62,617.605,7801.51
ERA,684.15,423.995,453.98,616.015,1452.28,647.1,7848.79
EVK,668.9,352.43,689.265,452.26,1575.42,618.275,5323.22
RAE,660.505,612.065,993.185,1022.82,1806.25,2110.95,8928.72
FVK,660.04,220.285,950.21,640.025,1643.6,853.015,6503.82
PKR,652.4,101.675,682.425,570.75,1687.67,399.985,3421.24
FGK,649.83,439.84,818.735,942.3,1829.8,734.065,7373.97
FPA,643.08,280.525,1103.24,675.08,1244.58,1642.06,9373.05
EAK,638.855,702.615,695.055,1131.91,1571.23,1052.48,8000.11
ERR,636.91,318.2,1070.33,664.7,1736.55,880.74,5896.06
LRV,636.425,67.26,1063.49,258.925,1014.93,524.965,7271.66
LAQ,623.475,249.185,1037.92,707.745,1313.44,777.57,4374.96
FLK,620.9,392.38,1146.12,879.8,832.79,1501.53,6439.32
PLR,620.135,536.23,1952.33,1113.7,2730.52,1509.73,8295.69
PGV,618.425,209.68,638.905,533.065,2148.62,634.005,6011.2
FLR,615.37,484.055,1550.95,750.495,1974.69,1977.1,7618.92
LFA,608.93,315.935,1436.99,718.6,1667.82,1201.95,7776.69
RKK,606.965,215.45,745.395,872.65,1768.01,483.705,3564.19
LLQ,603.18,307.24,1010.71,655.07,1985.52,896.655,5623.1
LVQ,598.545,325.25,1175.55,941.78,1691.25,1028.79,8474.07
FVR,598.26,834.625,1761.81,730.075,2147.48,1756.45,9146.96
RKR,595.265,397.28,1104.42,687.39,1347.9,690.875,3857.11
PRP,593.145,26.17,475.36,103.015,639.625,195.5,1663.82
PRA,589.64,152.85,1486.16,515.79,1207.09,1173.25,8809.09
PLA,583.45,52.915,689.23,83.595,1071.25,363.34,5099.72
PGK,583.205,402.83,646.505,1131.04,3026.48,353.34,5808.35
PPV,578.11,260.895,1210.68,576.24,1580.77,1128.34,7833.22
FPF,571.92,156.215,755.645,429.02,1119.49,808.735,5074.58
EPK,569.825,357.64,644.635,909.62,993.91,674.53,6999.1
FQK,566.26,327.035,492.89,690.73,1334.36,383.33,4054.2
RRG,556.765,648.78,1128.9,896.99,1490.97,1252.16,9488.1
PAV,555.75,461.175,1104.28,463.7,2180.44,1472.01,10656.7
FFR,555.535,356.92,1745.5,638.615,1617.9,1614.63,7125.53
ERK,548.415,460.935,1162.98,799.205,1411.13,777.125,6247.96
RQV,544.62,382.015,757.615,811.735,1595.56,1014.14,6186.25
FAF,541.655,342.09,749.875,691.06,1080.44,1748.42,9295.35
PAQ,541.35,290.965,852.24,879.41,1434.35,940.01,7202.99
PKL,541.2,251.995,484.455,642.18,1035.12,514.78,2060.04
LKR,540.105,108.29,577.18,511.075,813.04,433.5,2014.22
LPL,535.84,186.01,884.51,530.02,1547.97,1036.86,9196.9
RKF,533.46,79.05,890.92,428.255,1363.25,298.005,5185.58
RKL,530.75,173.5,999.415,575.295,1366.31,658.835,4971.38
PVF,522.72,56.05,477.445,245.665,588.365,363.905,4341.59
RPE,518.535,431.08,1148.85,862.845,1400.65,1032.14,7622.17
PLV,513.16,23.205,476.81,92.32,786.015,240.715,3499.39
LAG,508.43,103.05,534.28,506.235,1534.79,519.52,5978.85
RLV,508.405,360.445,950.555,662.52,1535.49,1924.89,10626.2
RER,507.34,203.625,710.755,647.445,1076.68,453.555,4107.01
RQL,503.535,288.425,879.205,499.445,1389.5,1102.43,5717.86
RLF,501.49,423.225,1340.55,802.32,1737.77,2193.44,9841.21
PAG,500.77,109.825,251.61,499.7,1212.01,192.32,5931.93
FGA,496.455,202.945,17.315,474.805,1333.78,612.875,5641.1
PKV,495.69,214.83,489.425,626.37,1622.97,481.095,2481.17
EFR,494.275,571.4,0,762.29,1657.95,1029.77,6889.27
FPL,493.78,201.565,849.21,448.86,919.35,693.81,5523.02
FPQ,493.665,451.435,930.695,783.505,1416.61,1464.01,7037.42
RRP,490.84,215.27,501.6,716.53,730.23,667.905,4045
LVL,489.44,283.725,799.91,698.865,1801.76,548.325,5152.27
EVR,489.355,263,1084.26,416.11,1204.71,711.485,3936.71
LKK,483.3,379.395,505.655,750.45,1884.04,481.11,2719.93
RVE,480.325,289.27,446.44,666.845,1153.21,478.77,4227.54
PRF,479.645,79.31,1101.68,192.9,1279.28,575.29,5401.01
FVQ,477.29,545.84,769.605,586.63,1595.98,527.52,6831.74
LPV,468.855,361.225,1234.51,575.855,1506.9,1263.79,9785.87
FPV,464.39,137.48,885.44,443.115,1083.16,1238.18,8469.57
RLL,462.435,530.59,860.725,617.475,1705.17,1663.13,8772.61
FAL,461.23,373.965,972.335,598.93,1197.66,1160.37,5987.44
RKA,454.805,93.23,689.92,460.005,1320.05,214.185,5463.56
RVP,447.865,141.07,276.25,557.01,1056.07,229.175,1262.06
FRG,447.545,179.705,701.565,365.13,1174.89,475.13,4667.88
LAV,445.855,113.28,1062.45,358.855,1041.12,1047.35,8530.4
LVA,438.725,102.83,800.72,421.335,1493.2,870.375,7718.79
FFA,435.52,164.51,1022.93,467.93,1256.79,1511.32,7004.73
LGV,434.285,179.545,659.885,509.35,1488.64,548.59,5731.53
LEK,432.48,187.765,149.295,497.575,0,96.44,445.45
PLQ,430.25,181.985,592.125,526.29,1590.23,549.51,6002.08
PVQ,427.645,77.68,564.91,262.425,1164.37,441.835,5772.76
PRL,426.02,106.915,752.03,387.55,975.61,425.27,4635.89
LRF,425.695,82.375,895.725,128.04,994.475,337.46,4811.58
LFG,424.885,243.385,665.355,568.89,1525.65,394.87,3927.76
RRE,418.22,633.49,942.32,1047.91,1240.44,1183.62,7545.38
LGG,418.02,321.645,408.925,640.41,1520.07,522.52,3330.11
LRG,416.86,110.33,703.4,461.495,1092.87,0,4816.03
LKQ,413.84,82.38,172.97,396.33,803.115,277.49,1190.89
RQA,412.01,274.67,559.57,869.715,1322.34,645.63,4938.52
PRQ,411.66,124.025,1173.02,633.01,1459.38,1323.02,7010.54
LGA,409.745,197.385,399.16,486.47,1567.57,660.72,3381.72
FAV,408.68,118.84,1132.32,355.97,1169.69,1131.96,6233.53
LQR,408.375,392.645,866.105,855.895,1696.54,692.275,4746.24
LLV,407.405,2.41,471.785,61.015,498.21,228.345,2898.37
RKV,400.365,125.795,779.32,434.185,909.185,501.905,4370.11
PVL,398.505,103.29,674.63,461.82,1422,550.34,5830.76
EFK,397.605,210.34,732.455,445.43,1048.78,465.725,4957.01
FFQ,395.515,195.38,734.78,521.98,1067.39,453.525,4328.58
LKA,394.86,241.85,381,619.365,847.755,431.52,2642.55
EAA,387.56,401.29,405.445,592.46,812.945,605.065,5629.53
EKR,384.925,247.185,548.1,592.025,570.03,293.38,1591.7
LPG,379.06,134.455,304.815,477.055,1399.79,297.29,3681.89
LPQ,375.355,340.035,838.26,887.845,1364.72,1021.43,8843.78
EGR,372.745,251.39,543.015,496.67,555.06,403.71,3051.53
LGF,371.55,169.505,760.28,374.065,1326.69,388.7,3820.69
ELR,371.195,141.61,834.425,458.725,1213.26,420.13,4101.58
ELK,368.97,284.885,425.025,514.295,1103.37,639.855,3930.92
PPL,368.33,179.36,658.52,607.115,1971.18,666.005,10087.8
FKG,367.855,131.27,274.09,671.325,739.11,168.1,1141.86
PVV,365.645,28.89,375.085,55.69,805.325,199.04,2603.18
RQQ,361.1,111.67,638.785,375.9,754.57,377.31,3547.36
PQV,356.73,39.395,167.025,232.775,259.365,105.855,1717.27
ERF,356.28,363.26,806.785,634.19,1542.31,627.63,5909.54
LKG,356.205,259.57,450.91,611.19,825.625,371.42,1770.32
FVA,355.28,296.625,701.76,707.97,1366.25,1135.92,7577.18
FGG,355.09,200.995,265.34,509.625,1006.84,174.845,2334.76
FGV,354.89,212.825,601.95,479.485,780.545,559.23,4472.86
LFF,350.135,80.03,914.205,272.3,864.1,652.525,6630.16
EGK,346.88,65.1,275.575,473.535,635.38,146.085,2297.4
FRF,346.54,276.775,1141.14,536.095,1094.28,1729.57,5916.75
LRL,341.635,80.595,700.09,377.16,593.865,313.995,3179.85
FLQ,333.605,260.455,625.46,473.595,1126.32,793.865,3096.22
LLA,330.025,37.54,443.39,94.02,719.255,302.705,3343.77
FGQ,329.33,176.98,713.315,644.98,617.17,268.595,3488.9
FRV,329.16,109.915,1054.95,344.935,750.525,551.975,5693.59
RPP,327.665,53.67,309.38,252.15,774.02,143.375,2147.34
LKE,321.36,13.075,252.07,21.32,86.315,86.425,737.78
FQR,320.645,216.525,920.105,762.275,1063.43,671.98,5262.69
LFL,318.46,122.56,880.67,452.16,999.74,731.215,6439.69
EAL,315.54,274.395,219.535,457.475,1032.63,281.635,4146.18
FAG,311.825,114.36,291.025,344.09,502.55,211.52,2711.29
PQL,311.4,194.54,346.18,514.41,866.3,372.815,1002.59
FKK,310.53,142.305,38.105,756.375,1139.5,210.925,2378.38
EVA,310.355,303.635,528.365,581.11,1043.23,884.485,6673.8
PLL,310.275,91.065,477.82,273.935,1050.47,621.425,4112.82
EFL,309.715,287.55,547.18,476.275,1111.49,637.52,4895.66
LRP,309.615,21.58,534.02,111.035,383.875,160.35,1660.56
PPQ,307.48,16.17,732.2,1076.72,1412.47,1147.45,7506.08
RFE,306.425,118.29,819.085,471.195,815.51,512.51,7380.89
PQR,304.985,404.585,973.9,869.565,2076.35,900.195,3152.2
REL,301.635,109.05,404.18,463.585,471.84,409.85,3760.47
LGQ,299.575,258.28,402.27,643.22,1747.58,242.99,3698.96
FKA,299.095,53.84,489.035,353.59,715.775,382.805,3520.96
ERV,297.415,245.32,643.64,578.195,863.865,410.255,5391.13
PFQ,296.675,469.805,979.19,904.745,2176.2,474.91,5283.22
LGL,292.795,257.175,617.05,362.555,1424.96,445.335,2634.41
LFQ,285.96,315.58,784.965,758.065,1224.6,405.905,4128.62
FGL,284.03,133.895,464.27,435.195,824.76,530.425,4579.36
LQK,281.915,365.8,553.61,1014.76,2408.22,266.06,3742.92
FLF,279.255,151.975,467.995,371.21,237.82,824.84,3155.52
PFV,275.645,247.29,778.36,551.565,1135.08,532.005,7061.24
REK,275.105,347.855,352.175,571.465,502.85,494.41,2824.62
PRG,275.105,103.155,682.03,452.16,606.94,914.405,3033.59
FFE,274.36,144.23,218.655,0,192.72,121.42,2047.63
RFV,273.74,157.035,316.725,405.72,940.255,484.185,3487.03
EPA,271.44,388.035,317.22,757.1,945.115,808.78,6068.5
PFP,266.925,205.13,626.51,515.65,664.17,159.935,3678.07
EAF,262.465,287.34,201.32,596.185,685.635,433.88,5413.4
FFL,257.565,161.425,783.81,380.505,607.165,678.39,4836.97
PGQ,257.085,276.46,347.5,721.8,2128,258.6,3645.31
FVG,254.77,218.375,257.88,454.14,440.075,193.26,1435.5
RGE,254.6,69.665,471.365,320.965,585.905,333.83,4971.31
RGP,254.165,53.805,397.565,324.7,557.65,0,2096.09
RKE,252.59,228.165,533.105,556.545,145.64,96.22,617.435
EKL,252.53,121.545,192.435,309.655,592.81,220.795,1011.71
PQK,251.75,144.715,429.345,789.885,1442.15,182.91,3736.83
RKP,250.675,52.19,381.065,277.265,285.815,130.57,1054.15
FLG,249.31,206.455,227.575,300.215,708.49,294.14,2560.65
FLV,243.82,137.825,470.235,547.73,337.465,782.435,4191.13
PVG,242.725,119.57,177.93,370.215,916.55,87.86,1890.97
LLG,242.46,69.135,378.24,191.035,228.985,196.34,1767.52
EQK,242.01,84.37,189.405,273.64,326.445,165.745,1120.39
FRL,241.75,272.385,523.115,538.9,1049.23,979.195,5224.6
PLP,240.74,44.095,173.015,154.96,185.195,72.86,1003.17
LVG,240.695,126.76,522.62,402.745,959.875,305.88,3743.88
PKG,238.93,261.58,245.105,650.03,729.425,240.785,929.615
EKK,234.585,122.135,195.315,497.055,807.86,180.58,1261.36
PGF,234.41,200.045,814.98,448.325,873.925,396.09,3203.43
LVF,232.41,225.165,662.805,433.795,1514.74,532.995,6107.51
FFF,228.945,89.065,600.195,268.76,761.39,550.365,4044.89
EAV,224.325,237.76,327.4,608.24,958.795,612.105,5360.44
RLG,222.87,345.545,538.62,611.975,1620.24,789.075,6142.12
PKE,221.87,13.35,88.35,40.695,286.44,12.495,139.19
PLF,218.485,76.14,714.32,330.46,527.59,494.075,4684.23
RLP,217.145,227.755,526.36,655.31,797.68,502.2,2611.11
EFF,216.695,297.49,392.05,711.35,876.46,652.165,4846.25
FQA,214.54,169.64,325.325,526.425,536.4,555.695,2131.16
PKK,213.55,426.905,499.815,821.64,2052.12,190.235,3111.27
ERL,213.205,272.305,292.06,324.14,1209.96,348.19,4010.12
FRP,212.73,166.66,337.03,577.48,338.83,381.675,2359.73
LKV,211.455,252.05,592.145,554.535,1067.09,368.93,2306.45
EVL,209.97,94.955,405.21,203.205,237.795,424.455,2939.15
PGL,208.605,303.895,611.685,547.865,1574.4,664.74,3526.36
RQG,207.555,196.76,360.905,483.875,848.69,290.275,2472.77
LLP,205.905,202.605,347.61,316.39,395.355,162.6,1122.77
RKQ,203.38,100.43,376.385,611.425,634.38,243.62,1606.83
FFG,203.36,195.39,405.74,512.975,512.455,282.58,3518.24
PPG,200.26,400.02,272.465,784.665,1846.65,244.445,5478.23
FGF,199.59,91.45,542.18,256.195,777.58,862.91,4234.64
LRE,198.265,212.175,545.7,434.075,657.415,367.145,3665.88
FVF,197.735,184.48,582.985,451.22,692.765,583.745,3311.03
FKL,196.95,85.545,250.82,309.985,12.205,43.76,476.32
EVQ,196.62,407.825,209.84,547.625,682.33,469.35,3476.59
FGP,190.625,33.225,176.395,186.97,182.785,70.03,510.3
EPV,186.66,82.36,467.45,247.215,655.93,463.255,6260.58
EFA,186.135,141.615,695.66,350.5,539.07,449.64,5801.42
PGE,185.38,25.4,46.19,125.14,0,41.58,534
LQA,184.035,122.52,394.605,438.24,703.43,242.015,580.345
FLA,183.345,231.85,663.935,425.995,1084.12,1438.18,4848.59
PKF,181.605,275.44,451.86,655.76,1146.22,330.72,2177.95
ERQ,180.13,523.315,493.89,567.655,671.645,435.665,5503.3
RLE,178.72,34.425,263.69,106.415,63.86,216.835,2283.99
PER,178.365,210.625,282.27,492.895,110.61,166.055,1331.38
FKQ,177.995,88.04,311.385,558.045,307.885,118.275,627.055
RAP,177.76,223.3,500.295,743.57,350.865,357.57,2218.96
PGA,177.66,223.1,226.365,505.79,1018.58,248.105,2644.23
LKL,177.65,79.635,448.75,255.435,430.21,0,1984.49
EFV,177.185,24.405,96.91,76.155,208.585,31.305,1126.42
RKG,176.005,183.02,487.375,682.845,762.3,247.59,2761.35
ERP,174.99,76.275,55.53,437.485,43.58,190.195,631.38
LVV,174.4,34.785,575.865,63.02,381.145,171.685,3725.97
REF,169.35,218,247.18,266.195,629.67,187.88,2287.35
FEK,168.155,173.66,162.595,330.09,468.73,205.215,1101.81
EFQ,163.945,157.4,323.725,282.41,641.255,164.03,3138.9
LLE,161,102.395,315.555,211.645,0,170.23,1087.45
FKR,159.28,139.3,778.4,701.845,975.33,549.55,2108.15
FRE,157.835,199.655,300.57,534.4,650.845,299.835,2303.42
LEG,157.775,111.575,188.49,293.19,500.31,186.385,383.175
PEK,156.36,128.06,209.47,401.51,268.685,49.995,832.635
ELA,155.89,172.745,359.215,467.33,400.12,786.12,3139.76
FQV,153.71,124.82,301.44,381.785,682.885,457.08,2182.35
ERG,153.5,243.04,306.74,371.775,265.68,217.845,2009.76
PQP,152.56,100.64,113.81,246.52,459.215,43.775,234.87
EQR,147.925,168.375,396.62,551.515,365.405,176.95,2828.11
EKF,147.55,132.17,158.13,416.59,16.295,69.075,757.335
EPQ,146.675,399.255,211.645,568.8,777.44,448.205,4625.45
EPL,145.905,167.595,127.99,381.02,495.505,280.16,2605.83
LAE,141.435,22.06,262.4,36.71,415.635,230.365,2300.17
FKV,140.895,47.755,496.055,263.9,315.535,216.32,2062.98
LQP,138.8,108.24,119.27,381.305,401.645,52.735,68.395
FQL,137.47,148.625,342.55,289.815,251.49,469.39,2118.25
LQF,137.095,101.87,374.57,303.73,527.835,243.265,3308.71
FAE,135.04,146.29,157.23,527.955,544.71,308.5,1982.74
LGP,134.13,116.28,262.415,295.31,775.545,65.44,321.615
FLP,130.51,139.835,178.315,440.2,165.305,255.795,1450.93
EGL,128.295,49.585,219.875,313.305,277.055,251.02,1778.47
EKG,125.325,86.775,102.46,326.81,253.2,55.62,311.335
PFG,124.985,325.31,556.42,685.325,1127.04,301.25,3125.31
LFP,124.745,198.13,420.435,499.52,327.695,52.635,1736.02
LVP,121.755,26.695,172.155,151.645,85.155,127.195,781.54
EKA,120.16,49.615,56.595,236.325,50.51,78,1139.92
FVV,119.865,55.92,627.07,146.325,369.925,342.925,3344.53
PGG,119.38,288.53,277.685,632.34,1225.62,201.59,2117.2
FAP,119.1,35.03,162.57,119.04,67.055,64.275,442.85
PAE,118.035,28.9,128.75,72.91,181.54,106.48,2175.35
EER,117.72,101.005,129.78,401.115,334.425,97.46,1585.68
LKF,115.13,31.5,459.15,207.28,513.42,0,2446.34
FER,108.025,125.98,385.38,447.625,0,293.755,2181.88
PKA,105.18,217.495,231.655,570.355,587.87,188.61,1866.9
REA,105.175,28.74,142.2,80.235,136.36,96.315,1501.65
LKP,105.035,29.055,210.73,140.695,68.97,72.58,491.5
EGF,104.56,40.37,106.685,149.435,62.18,300.805,2185.17
FQQ,103.025,185.65,356.625,493.115,615.275,186.59,1762.11
FGR,98.245,42.76,222.05,370.165,390.245,195.46,1106.32
EPF,97.985,319.3,302.735,501.395,417.68,490.86,4087.56
LEL,97.205,97.085,378.54,200.815,598.655,269.76,845.305
PAP,94.72,27.825,106.86,119.655,0,81.91,786.035
ELV,94.245,174.665,225.54,199.265,311.365,612.595,3009.93
EAE,93.075,94.04,0,209.275,0,85.17,562.225
ELQ,91.07,89.655,214.795,285.055,291.29,182.415,1632.72
FPG,89.5,127.86,308.875,493.39,356.57,302.98,3009.57
PLG,87.875,65.145,129.4,181.095,311.32,79.04,1198.08
EKV,87.695,65.61,144.03,199.23,156.65,148.83,899.605
FVL,87.315,180.125,490.805,364.925,521.035,562.4,2770.7
PRV,85.875,13.425,204.45,61.215,34.91,83.675,1001.88
FQP,85.13,122.94,117.04,412.095,0,101.84,361.22
EVF,79.27,51.84,249.13,168.545,210.525,85.42,2678.29
ELG,77.925,132.275,21.16,201.735,0,106.19,779.795
EAQ,75.13,394.48,371.19,526.015,502.165,622.74,4995.66
FEG,75.075,69.305,0,241.52,0,57.87,118.895
LQE,71.5,83.815,234.82,194.72,497.96,67.31,584.54
LQG,71.385,192.255,295.87,578.845,839.72,306.46,791.815
EVV,67.725,143.92,350.455,389.975,181.795,216.335,1155.29
REP,67.715,26.76,0,44.335,0,3.88,116.105
LQQ,66.67,233.04,220.93,549.03,1175.36,61.46,1323.64
FFV,62.455,128.09,495.805,416.525,623.12,769.48,4186.44
FEQ,62.215,134.21,0,292.3,252.305,55.07,413.055
LLF,61.145,190.665,566.17,311.635,474.575,91.99,3376.84
EAG,60.295,108.23,43.935,272.25,225.585,156.65,684.115
FLE,60.14,83.275,153.4,323.325,158.42,226.17,1205.7
FQG,59.85,137.485,116.475,332.6,418.495,202.705,892.715
RQE,59.455,28.95,145.705,203.945,92.59,181.875,868.195
LEA,57.58,102.985,241.335,175.17,327.795,193.93,574.57
EEK,56.74,59.96,47.615,129.705,141.69,53.43,295.905
FLL,56.315,151.265,248.43,194.88,73.06,597.215,3039.27
EGQ,53.16,85.075,89.19,318.775,0,78.78,1065.94
PPP,52.795,184.145,57.955,357.675,358.03,26.08,1379.59
FVP,52.36,75.655,51.175,322.955,134.52,70.53,502.575
FEA,49.79,67.585,145.48,334.18,0,400.135,1162.16
PVP,44.75,26.335,139.095,174.92,132.115,58.62,391.345
LFV,42.61,170.96,582.53,368.13,684.1,174.635,4125.34
EKE,42.47,86.36,65.81,247.155,0,46.835,0
RQP,42.385,26.12,202.675,96.38,107.48,120.495,565.885
EGA,40.805,38.595,37.53,63.28,123.12,76.665,842.81
LQL,40.535,67.305,169.25,239.38,396.635,333.175,0
LLL,38.795,198.25,527.65,417.425,403.275,392.055,1286.67
EFG,36.23,94.255,93.27,328.125,0,41.17,1410.59
EKQ,32.61,152.945,147.645,393.46,0,68.745,387.895
PPE,31.235,32.41,612.49,107.435,0,156.415,2368.67
REG,29.715,64.06,220.035,259.035,99.1,103.42,609.405
ELL,27.11,58.21,328.46,156.71,38.04,262.61,1716.38
PEA,26.45,82.415,121.15,219.875,188.35,0,112.42
PQF,22.235,107.28,261.085,493.67,172.785,0,892.96
PEL,22.075,134.98,94.005,333.555,348.69,68.16,205.73
EEL,21.14,74.73,0,190.67,0,0,188.84
FEF,20.805,0,172.345,72.3,0,182.185,1153.75
LPE,20.205,17.325,16.465,83.3,0,36.425,0
PVE,16.11,31.24,35.9,120.9,192.835,0,379.275
FQF,12.71,118.745,381.83,431.875,191.405,516.35,1991.33
FGE,12.085,105.585,13.79,240.44,1279.58,12.79,175.51
LVE,11.265,75.7,302.24,338.935,115.535,196.07,0
EGV,10.37,14.905,164.09,29.06,62.23,138.445,979.99
EVG,8.275,132.48,70.12,303.925,0,66.245,433.675
EKP,6.115,131.01,104.1,343.57,0,51.2,0
EFE,5.73,51.49,0.525,162.71,289.71,13.765,294.325
ERE,4.215,37.47,91.09,77.855,2.415,61.905,1005.48
PKQ,0,187.875,307.2,514.42,1046.29,133.435,821.475
EPG,0,116.555,50.83,273.46,0,100.065,734.715
LEQ,0,123.49,52.755,353.71,0,74.2,335.335
PEQ,0,90.415,28.86,285.94,0,0,0
PEG,0,108.115,51.295,269.04,0,13.33,30.365
PQQ,0,207.27,200.93,487.775,1166.1,50.92,861.155
LER,0,126.16,416.215,366.105,0,315.26,2454.78
EVP,0,46.46,0,169.58,0,0,0
PFE,0,34.05,339.805,132.805,55.245,141.945,1387.97
FFV,0,50.99,193.96,28.61,0,221.69,1216.14
FVE,0,67.365,91.645,252.14,105.41,34.115,714.78
LFV,0,94.34,206.98,296.52,0,185.93,804.43
PKP,0,152.595,128.615,425.88,301.54,29.705,276.805
LQV,0,60.04,156.985,181.16,208.81,122.8,251.495
FEP,0,54.55,0,170.3,0,18.63,0
EPP,0,37.955,14.765,195.53,0,42.15,0
EGE,0,29.61,0,177.835,0,62.26,0
LEP,0,85.275,62.565,180.565,0,0.765,0
PEP,0,17.205,310.465,81.23,0,0,0
PLE,0,89.525,98.915,213.94,0,44.03,146.695
EPE,0,79.7,150.135,115.21,0,34.35,424.015
EAP,0,68.615,6.41,215.495,0,26.46,70.005
LEE,0,47.265,122.85,102.93,0,19.34,317.925
PEE,0,50.365,0,153.675,0,0,0
LEF,0,53.655,367.23,75.205,0,189.385,697.495
PEF,0,103.67,258.41,289.52,94.32,15.15,308.22
PQE,0,79.165,65.69,123.315,157.82,0,39.645
PGP,0,128.925,302.2,356.92,593.58,38.72,342.27
FEL,0,37.055,93.345,221.78,0,0,123.855
PQG,0,96.33,169.2,298.1,0,43.515,121.665
EQG,0,71.78,16.135,169.125,0,13.14,0
EEQ,0,7.3,0,55.48,0,45.075,33.785
EQL,0,50.2,25.9,123.185,0,3.815,312.41
EGG,0,70.99,49.355,139.3,0,78.61,398.74
EEG,0,75.415,0,71.82,0,23.86,42.095
EQQ,0,63.135,55.385,149.24,0,84.26,483.215
EEE,0,10.415,7.925,7.89,0,15.19,0
REE,0,26.785,32.635,115.575,0,42.69,273.01
FEE,0,6.945,0,13.1,0,0,0
EFP,0,84.245,53.58,72.495,0,120.515,909.005
FFP,0,58.745,293.475,181.765,168.59,204.345,2418.14
EEF,0,0,0,80.88,0,0,51.61
EQE,0,5.835,0,34.165,0,0,0
REQ,0,54.5,154.45,266.45,0,124.945,1440.58
FQE,0,27.26,16.025,94.405,0,64.46,186.645
EGP,0,24.875,15.63,95.045,0,3738.72,114.085
PFV,0,34.23,46.3,173.91,367.32,7.405,178.185
PQA,0,47.415,179.565,273.71,24.085,23.865,1171.66
PRE,0,38.345,274.06,210.19,311.86,143.345,1924.75
FPP,0,71.915,49.77,117.125,15.795,97.5,663.23
LFE,0,35.7,33.2,132.08,0,68.77,1180.75
LPP,0,28.365,103.175,105.365,0,17.575,387.475
LGE,0,34.145,30.695,108.725,0,5.715,736.32
EFV,0,19.98,0,22.69,0,10.665,188.61
ELF,0,31.025,240.685,100.19,337.715,108.175,1951.02
EQA,0,20.455,0,77.425,62.88,8.82,564.905
FPE,0,49.17,52.485,122.32,103.75,97.94,2013.64
EVE,0,15.525,0,36.535,0,253.175,124.145
ELP,0,14.615,0,33.785,0,12.04,93.74
EQV,0,26.65,0,60.495,0,26.885,363.84
LAP,0,20.18,158.48,57.41,10.005,23.915,0
FKP,0,38.69,286.815,152.075,0,76.525,536.655
LPF,0,39.42,225.405,90.895,52.28,0,926.835
EEP,0,19.43,0,0,0,0,0
EQF,0,10.565,10.125,30.31,72.875,35.065,350.66
EEA,0,7.72,0,0,120.55,0,3.695
ELE,0,14.885,0,0,0,43.295,234.5
EQP,0,23.11,0,24.01,0,0,6.505
FKE,0,11.325,167.785,33.56,0,33.83,163.99
